{"cameraMode":{"drawMode":0,"name":"Shaded","section":"Shading Mode"},"sceneLighting":false,"audioPlay":false,"sceneViewState":{"showFog":true,"showMaterialUpdate":true,"showSkybox":false,"showFlares":true,"showImageEffects":true,"showParticleSystems":true},"in2DMode":false,"pivot":{"x":-11.806745529174805,"y":1.2736833095550538,"z":7.203685760498047},"rotation":{"x":0.16265162825584413,"y":0.6718881130218506,"z":0.15483957529067994,"w":-0.705787181854248},"size":2.459078073501587,"orthographic":false}