{"cameraMode":{"drawMode":0,"name":"Shaded","section":"Shading Mode"},"sceneLighting":false,"audioPlay":false,"sceneViewState":{"showFog":true,"showMaterialUpdate":true,"showSkybox":false,"showFlares":true,"showImageEffects":true,"showParticleSystems":true},"in2DMode":false,"pivot":{"x":-1.406820297241211,"y":9.122798919677735,"z":13.768105506896973},"rotation":{"x":0.16265162825584413,"y":0.6718881130218506,"z":0.15483957529067994,"w":-0.705787181854248},"size":13.765910148620606,"orthographic":false}