{"cameraMode":{"drawMode":0,"name":"Shaded","section":"Shading Mode"},"sceneLighting":false,"audioPlay":false,"sceneViewState":{"showFog":true,"showMaterialUpdate":true,"showSkybox":false,"showFlares":true,"showImageEffects":true,"showParticleSystems":true},"in2DMode":false,"pivot":{"x":-0.4999998211860657,"y":1.1484355926513672,"z":0.0005494654178619385},"rotation":{"x":0.16265162825584413,"y":0.6718881130218506,"z":0.15483957529067994,"w":-0.705787181854248},"size":4.1899495124816898,"orthographic":false}