{"cameraMode":{"drawMode":0,"name":"Shaded","section":"Shading Mode"},"sceneLighting":true,"audioPlay":false,"sceneViewState":{"showFog":true,"showMaterialUpdate":true,"showSkybox":true,"showFlares":true,"showImageEffects":true,"showParticleSystems":true},"in2DMode":false,"pivot":{"x":-26.99927520751953,"y":1.0410878658294678,"z":20.353330612182618},"rotation":{"x":0.05245928838849068,"y":-0.7371744513511658,"z":0.05761786550283432,"w":0.6711944937705994},"size":14.302699089050293,"orthographic":false}