{"cameraMode":{"drawMode":0,"name":"Shaded","section":"Shading Mode"},"sceneLighting":false,"audioPlay":false,"sceneViewState":{"showFog":true,"showMaterialUpdate":true,"showSkybox":false,"showFlares":true,"showImageEffects":true,"showParticleSystems":true},"in2DMode":false,"pivot":{"x":-0.03323280066251755,"y":0.0008997395634651184,"z":0.0068449899554252628},"rotation":{"x":0.16265162825584413,"y":0.6718881130218506,"z":0.15483957529067994,"w":-0.705787181854248},"size":0.2373272180557251,"orthographic":false}